{
    "learning_rate": 0.00010328339746549881,
    "weight_decay": 0.13374982585607734,
    "num_train_epochs": 4,
    "per_device_train_batch_size": 8,
    "warmup_steps": 300
}